id,composition,energy,uncertainty,timestamp
gen1_cand10,"{""Fe"": 0.006015352556056079, ""Ni"": 0.9939846474439439}",0.03897782490764587,0.05455345573425294,20260101_154711
gen2_cand6,"{""Ni"": 0.9844145370959828, ""Fe"": 0.015585462904017106}",0.040192784811053275,0.054527581357955934,20260101_154711
gen3_cand4,"{""Ni"": 0.82540875965283, ""Fe"": 0.1745912403471699}",0.029535118831103713,0.05572028222084045,20260101_154711
gen4_cand16,"{""Ni"": 0.999097296300193, ""Fe"": 0.0009027036998070771}",0.02952731475404933,0.05353151919841767,20260101_154711
gen5_cand16,"{""Fe"": 0.018163244610801467, ""Ni"": 0.9818367553891986}",0.03866280978784214,0.0535737312078476,20260101_154711
gen1_cand8,"{""Cu"": 0.5226480409479176, ""Mo"": 0.4773519590520824}",0.029382329014095425,0.055955044054985054,20260101_162208
gen2_cand2,"{""Cu"": 0.5448226614639616, ""Mo"": 0.4551773385360384}",0.034298612623211155,0.05546613397598267,20260101_162208
gen3_cand15,"{""Cu"": 0.5148809968914551, ""Mo"": 0.48511900310854494}",0.02803508881830212,0.05558509888648987,20260101_162208
gen4_cand6,"{""Mo"": 0.4414339393058545, ""Cu"": 0.5585660606941455}",0.04506621888257994,0.055269420766830446,20260101_162208
gen5_cand6,"{""Mo"": 0.47237712874363824, ""Cu"": 0.5276228712563618}",0.039450708226665125,0.05577007296085358,20260101_162208
gen1_cand5,"{""Fe"": 0.012158412011528954, ""Ca"": 0.9878415879884711}",0.03938394830403404,0.050535119199752815,20260105_231213
gen2_cand5,"{""Ca"": 0.9782808369258733, ""Fe"": 0.021719163074126694}",0.026169570616992377,0.05092578294277192,20260105_231213
gen3_cand8,"{""Ca"": 0.9122676069273767, ""Fe"": 0.08773239307262336}",0.05086772438336674,0.05118077757358551,20260105_231213
gen4_cand18,"{""Fe"": 0.09297129939165337, ""Ca"": 0.9070287006083467}",0.05073260316320302,0.05174806180000305,20260105_231213
gen5_cand8,"{""Fe"": 0.07104634663087186, ""Ca"": 0.9289536533691283}",0.05290179069211318,0.051518941545486446,20260105_231213
gen1_cand15,"{""Ni"": 0.8342049843291579, ""Fe"": 0.16579501567084223}",0.04209424955656242,0.055975822234153746,20260105_231631
gen2_cand9,"{""Fe"": 0.08084568167210322, ""Ni"": 0.9191543183278968}",0.038710147313361275,0.055671787881851204,20260105_231631
gen3_cand3,"{""Ni"": 0.8906240943457131, ""Fe"": 0.10937590565428681}",0.03354064734888824,0.05592657389640808,20260105_231631
gen4_cand14,"{""Fe"": 0.02015090837638279, ""Ni"": 0.9798490916236173}",0.03746367932907055,0.05575109186172486,20260105_231631
gen5_cand18,"{""Fe"": 0.010269347335807122, ""Ni"": 0.9897306526641928}",0.03446511951195746,0.05572119417190552,20260105_231631
gen1_cand18,"{""Au"": 0.0030556054657769035, ""Cu"": 0.9969443945342232}",0.029488839495709296,0.038128339028358466,20260105_233621
gen2_cand10,"{""Cu"": 0.3130766578420928, ""Au"": 0.6869233421579071}",0.04034638226884811,0.020029966248571875,20260105_233621
gen3_cand3,"{""Au"": 0.9354752115276984, ""Cu"": 0.06452478847230157}",0.04642529166075275,0.04061412128210068,20260105_233621
gen4_cand12,"{""Au"": 0.9926279705020425, ""Cu"": 0.007372029497957519}",0.038947081276065366,0.04815327587127686,20260105_233621
gen5_cand0,"{""Au"": 0.5063776173151447, ""Cu"": 0.4936223826848552}",0.03535215318634101,0.04427538874149323,20260105_233621
gen1_cand6,"{""Cu"": 0.03874526585535919, ""Au"": 0.9612547341446407}",0.4375234726896989,0.03985465345382691,20260105_234030
gen2_cand0,"{""Cu"": 0.9462372682789226, ""Au"": 0.05376273172107732}",0.3069427036799722,0.04607674953937531,20260105_234030
gen3_cand11,"{""Au"": 0.8461403900924208, ""Cu"": 0.1538596099075793}",0.46946758681423684,0.05100286068916321,20260105_234030
gen4_cand7,"{""Cu"": 0.025345683199667977, ""Au"": 0.974654316800332}",0.42416259871802775,0.04352480980157852,20260105_234030
gen5_cand7,"{""Au"": 0.00859440329771811, ""Cu"": 0.9914055967022819}",0.2942191475250755,0.045679382109642036,20260105_234030
gen1_cand19,"{""Au"": 0.9249882770368422, ""Cu"": 0.07501172296315788}",0.4371989797828135,0.038310224092006684,20260105_234349
gen2_cand12,"{""Au"": 0.08240783143605791, ""Cu"": 0.917592168563942}",0.3187477894833255,0.044106010222435,20260105_234349
gen1_cand19,"{""Au"": 0.35917511224340026, ""Cu"": 0.6408248877565997}",0.319468557019499,0.020104453121870754,20260105_234636
gen2_cand19,"{""Au"": 0.024883412566712577, ""Cu"": 0.9751165874332874}",0.3290294552184923,0.02698078068494797,20260105_234636
gen3_cand0,"{""Cu"": 0.15825444348710013, ""Au"": 0.8417455565128997}",0.4567648192219302,0.020088729416579007,20260105_234636
gen4_cand8,"{""Cu"": 0.08271213313748084, ""Au"": 0.9172878668625191}",0.47431858667584537,0.024000822281837468,20260105_234636
gen5_cand10,"{""Cu"": 0.05830561480356204, ""Au"": 0.941694385196438}",0.4576579124496913,0.04288016768693924,20260105_234636
gen1_cand4,"{""Cu"": 0.8510999110288703, ""Au"": 0.1489000889711297}",0.30756476688064815,0.03689782979488373,20260105_234840
gen2_cand11,"{""Cu"": 0.01795457598872937, ""Au"": 0.9820454240112706}",0.3055818096596972,0.03238729414939881,20260105_234840
gen1_cand16,"{""Cu"": 0.43995905773292665, ""Au"": 0.5600409422670733}",0.34547641922282113,0.03334956196546555,20260105_235143
gen2_cand14,"{""Au"": 0.9905280915125231, ""Cu"": 0.009471908487476956}",0.4500449238943419,0.02059139860272408,20260105_235143
gen1_cand3,"{""Cu"": 0.18056965203314684, ""Au"": 0.8194303479668532}",0.4702405623892187,0.02228773338198662,20260105_235547
gen2_cand0,"{""Au"": 0.5006873443035037, ""Cu"": 0.49931265569649624}",0.3160479545239266,0.02624228475093842,20260105_235547
gen3_cand19,"{""Au"": 0.025776840831309586, ""Cu"": 0.9742231591686904}",0.3199926813702095,0.020765807633846996,20260105_235547
gen4_cand8,"{""Cu"": 0.020920041113222456, ""Au"": 0.9790799588867775}",0.4472002993929927,0.020189846088737248,20260105_235547
gen5_cand1,"{""Au"": 0.9718472528673869, ""Cu"": 0.028152747132613076}",0.46033158479116415,0.033530077958106995,20260105_235547
gen1_cand1,"{""Fe"": 0.4848406652011112, ""Ni"": 0.5151593347988888}",-0.3654969527880752,0.042388730370998384,20260106_001600
gen2_cand2,"{""Fe"": 0.002836100841749405, ""Ni"": 0.9971638991582507}",-0.22665320744177253,0.04266176102161408,20260106_001600
gen3_cand12,"{""Fe"": 0.018543921882890474, ""Ni"": 0.9814560781171094}",-0.24431965170830883,0.028684382015466692,20260106_001600
gen1_cand5,"{""Fe"": 0.05869411525291651, ""Ni"": 0.9413058847470835}",-0.23366958242248784,0.027456287169456483,20260106_001840
gen2_cand12,"{""Ni"": 0.6675547230289072, ""Fe"": 0.33244527697109266}",-0.24755445740490845,0.0310034598171711,20260106_001840
gen3_cand17,"{""Ni"": 0.5315708797836439, ""Fe"": 0.46842912021635613}",-0.20274600369564866,0.034090486788749694,20260106_001840
gen4_cand11,"{""Fe"": 0.18210118881900467, ""Ni"": 0.8178988111809953}",-0.2464414473587824,0.02006357032284141,20260106_001840
gen5_cand1,"{""Ni"": 0.6228845859041106, ""Fe"": 0.3771154140958895}",-0.1942882191921959,0.035313808047771456,20260106_001840
gen1_cand1,"{""Cu"": 0.08835416553767488, ""Au"": 0.9116458344623249}",0.49456732172055684,0.02216059965491295,20260106_002139
gen2_cand0,"{""Au"": 0.04268452135768577, ""Cu"": 0.9573154786423143}",0.2532228566565345,0.03296072212457657,20260106_002139
gen3_cand8,"{""Au"": 0.5004712959373678, ""Cu"": 0.49952870406263206}",0.2959414734389806,0.031082697087526322,20260106_002139
gen4_cand18,"{""Cu"": 0.46103481846349537, ""Au"": 0.5389651815365046}",0.31806397769145267,0.020071656318008897,20260106_002139
gen5_cand7,"{""Au"": 0.042337606145072613, ""Cu"": 0.9576623938549275}",0.29196500248283996,0.04658584954738618,20260106_002139
gen1_cand9,"{""Au"": 0.9084088217196629, ""Cu"": 0.09159117828033717}",0.4324711532710081,0.03585951355695725,20260106_003024
gen2_cand7,"{""Cu"": 0.23045698608189139, ""Au"": 0.7695430139181086}",0.466029981994986,0.052508342885971074,20260106_003024
gen3_cand0,"{""Cu"": 0.7873094074828427, ""Au"": 0.21269059251715738}",0.3260023063500938,0.02887364315390587,20260106_003024
gen4_cand4,"{""Au"": 0.5483508810239895, ""Cu"": 0.4516491189760105}",0.463670670504302,0.04197033854722977,20260106_003024
gen5_cand0,"{""Cu"": 0.9899247597460741, ""Au"": 0.010075240253925855}",0.3094563399299801,0.03498685719966889,20260106_003024
gen1_cand4,"{""Au"": 0.607589209993313, ""Fe"": 0.39241079000668705}",0.4562181040964483,0.03890914348363877,20260106_011634
gen2_cand16,"{""Au"": 0.9085823351942263, ""Fe"": 0.09141766480577372}",0.4781912275916054,0.032113535577058795,20260106_011634
gen1_cand9,"{""Ni"": 0.5044444810551714, ""Fe"": 0.49555551894482863}",-0.23872117116662098,0.08451560201644898,20260106_104420
gen2_cand16,"{""Ni"": 0.5060809867828632, ""Fe"": 0.4939190132171367}",-0.2815149268898568,0.08491496505737305,20260106_104420
gen3_cand19,"{""Ni"": 0.5219540198604854, ""Fe"": 0.47804598013951455}",-0.3661532596021389,0.08353473010063171,20260106_104420
gen4_cand15,"{""Fe"": 0.47329697983968083, ""Ni"": 0.5267030201603191}",-0.37829588508067435,0.08361687722206115,20260106_104420
gen5_cand1,"{""Fe"": 0.4859753087037281, ""Ni"": 0.5140246912962719}",-0.2654723736833025,0.0817205316066742,20260106_104420
gen1_cand6,"{""Ni"": 0.519420228586342, ""Co"": 0.2781941702330613, ""Fe"": 0.20238560118059667}",-0.25431304345279593,0.07385974588394165,20260106_112409
gen2_cand16,"{""Ni"": 0.4157469361989624, ""Co"": 0.41409010901055454, ""Fe"": 0.17016295479048305}",-0.25125662116380343,0.06900432171821595,20260106_112409
gen3_cand17,"{""Ni"": 0.5352567473244576, ""Fe"": 0.010840963488616871, ""Co"": 0.4539022891869255}",-0.2454527541111417,0.06749992134571076,20260106_112409
gen4_cand12,"{""Ni"": 0.5158098516198306, ""Co"": 0.38993822274149736, ""Fe"": 0.09425192563867209}",-0.26675969819149753,0.0703558093547821,20260106_112409
gen5_cand13,"{""Ni"": 0.5624115750864239, ""Fe"": 0.022284684314849163, ""Co"": 0.4153037405987269}",-0.2540773106915693,0.06927711131572724,20260106_112409
gen1_cand14,"{""Fe"": 0.49750385109327394, ""Ni"": 0.5024961489067261}",-0.25005664779471265,0.08232954206466675,20260106_112507
gen2_cand16,"{""Fe"": 0.49119573811645567, ""Ni"": 0.5088042618835443}",-0.3655593055366271,0.08238431277275085,20260106_112507
gen1_cand6,"{""Ni"": 0.5262284770049102, ""Co"": 0.4213292520743796, ""Fe"": 0.05244227092071019}",-0.21238869705663843,0.06914810004234315,20260106_113238
gen1_cand8,"{""Ni"": 0.5094699287323935, ""Co"": 0.2653803348460213, ""Fe"": 0.22514973642158517}",-0.3065417060188532,0.07433640422821045,20260106_113732
gen1_cand13,"{""Fe"": 0.0687681760530793, ""Cu"": 0.028803670085539423, ""Ni"": 0.9024281538613813}",-0.22691179387777732,0.08319804730415345,20260106_113804
gen2_cand19,"{""Ni"": 0.6180653815072893, ""Fe"": 0.3753083220921108, ""Cu"": 0.006626296400599896}",-0.29359088005282064,0.07717285814285278,20260106_113804
gen3_cand19,"{""Cu"": 0.10134309573910463, ""Fe"": 0.0041244953950404116, ""Ni"": 0.8945324088658548}",-0.1912617655160376,0.0715254849433899,20260106_113804
gen1_cand17,"{""Cu"": 0.46418640381983733, ""Fe"": 0.06548527187822298, ""Ni"": 0.47032832430193966}",0.11024833862262329,0.07144734325408936,20260106_113937
gen2_cand10,"{""Fe"": 0.0749575365905131, ""Ni"": 0.7112624517412929, ""Cu"": 0.21378001166819388}",0.07721461275849383,0.07192644538879395,20260106_113937
gen3_cand8,"{""Ni"": 0.8810046956017428, ""Fe"": 0.06191489295542332, ""Cu"": 0.057080411442833996}",-0.2284697983404236,0.07215807499885558,20260106_113937
gen4_cand16,"{""Ni"": 0.655476290785975, ""Fe"": 0.01911657357797785, ""Cu"": 0.325407135636047}",-0.1462272726383433,0.07020752491950989,20260106_113937
gen5_cand13,"{""Ni"": 0.5956548421871465, ""Fe"": 0.008810019017896482, ""Cu"": 0.39553513879495705}",-0.21180545190430672,0.07068459453582764,20260106_113937
gen6_cand7,"{""Fe"": 0.02134275689096961, ""Ni"": 0.49525647447789484, ""Cu"": 0.4834007686311356}",-0.10827645665159989,0.06849696698188783,20260106_113937
gen7_cand4,"{""Cu"": 0.3631138684574726, ""Ni"": 0.49330850730334835, ""Fe"": 0.14357762423917914}",-0.14329463583223911,0.06858599545955658,20260106_113937
gen8_cand7,"{""Cu"": 0.39459795592951846, ""Ni"": 0.5340579431800054, ""Fe"": 0.0713441008904761}",-0.06858540204614691,0.06575268568992615,20260106_113937
gen1_cand0,"{""Cu"": 0.4505952737388216, ""Ni"": 0.4811312620099633, ""Fe"": 0.06827346425121504}",0.12163545928678979,0.06576047005653382,20260106_114509
gen2_cand10,"{""Fe"": 0.031372957015479846, ""Cu"": 0.47380667956542216, ""Ni"": 0.4948203634190978}",0.22515203908991605,0.06299712719917298,20260106_114509
gen3_cand1,"{""Cu"": 0.08430967193254571, ""Fe"": 0.01977458733629122, ""Ni"": 0.895915740731163}",-0.2663966300736522,0.06295467081069947,20260106_114509
gen4_cand10,"{""Ni"": 0.21443700878313376, ""Fe"": 0.025143732116849057, ""Cu"": 0.7604192591000172}",0.19017007545239567,0.060510731363296516,20260106_114509
gen5_cand18,"{""Fe"": 0.010971714883414654, ""Ni"": 0.7921007757905538, ""Cu"": 0.19692750932603156}",-0.20351205555623522,0.05993819596767426,20260106_114509
gen6_cand13,"{""Cu"": 0.8932210675290588, ""Fe"": 0.09321560224564573, ""Ni"": 0.01356333022529542}",-0.15093819402325678,0.05760853054523468,20260106_114509
gen1_cand7,"{""Cu"": 0.8188547002974096, ""Fe"": 0.07828427156116745, ""Ni"": 0.10286102814142299}",0.17236288054516435,0.055933824801445015,20260106_134651
gen2_cand14,"{""Ni"": 0.21806673464274504, ""Cu"": 0.7654533563390755, ""Fe"": 0.016479909018179497}",0.2937000615210228,0.056027320647239684,20260106_134651
gen1_cand7,"{""Fe"": 0.05640363073228127, ""Ni"": 0.9435963692677188}",-0.24377536081353213,0.05493471982479095,20260106_140236
gen2_cand0,"{""Ni"": 0.9591419618057194, ""Fe"": 0.040858038194280535}",-0.21810345770809003,0.05197693767547608,20260106_140236
gen3_cand15,"{""Fe"": 0.060436794794622245, ""Ni"": 0.9395632052053777}",-0.20585145744414712,0.048939613127708434,20260106_140236
gen4_cand14,"{""Fe"": 0.3866591705458377, ""Ni"": 0.6133408294541624}",-0.3110689712310216,0.04638698163032532,20260106_140236
gen5_cand0,"{""Ni"": 0.5498348063584043, ""Fe"": 0.45016519364159563}",-0.32510200363375763,0.04390454354286194,20260106_140236
gen1_cand10,"{""Ni"": 0.5135626338933056, ""Fe"": 0.48643736610669447}",-0.32922048156116956,0.041089797639846805,20260106_140903
gen2_cand3,"{""Ni"": 0.56909636147526, ""Fe"": 0.43090363852474}",-0.4165837150535565,0.038007757687568665,20260106_140903
gen3_cand19,"{""Ni"": 0.6012186350482895, ""Fe"": 0.3987813649517105}",-0.24008587793846572,0.03452310326099396,20260106_140903
gen4_cand6,"{""Ni"": 0.5523536537210171, ""Fe"": 0.44764634627898275}",-0.367496379091298,0.034004952633380894,20260106_140903
gen5_cand7,"{""Ni"": 0.5249335910450322, ""Fe"": 0.4750664089549677}",-0.32115334947999497,0.029288111501932147,20260106_140903
gen6_cand15,"{""Ni"": 0.5033490149646634, ""Fe"": 0.49665098503533656}",-0.27162838371347847,0.027937566363811492,20260106_140903
gen7_cand4,"{""Fe"": 0.47563763658352987, ""Ni"": 0.5243623634164701}",-0.3666501020526692,0.02348361319452524,20260106_140903
gen8_cand10,"{""Fe"": 0.47069745787369355, ""Ni"": 0.5293025421263063}",-0.37650026667174247,0.02563659908771515,20260106_140903
gen1_cand7,"{""Fe"": 0.4714310233707251, ""Ni"": 0.5285689766292749}",-0.2630991661521567,0.025096738585829736,20260106_141644
gen2_cand13,"{""Ni"": 0.5842251980794138, ""Fe"": 0.4157748019205863}",-0.3259199997569736,0.025352612757682802,20260106_141644
gen3_cand12,"{""Fe"": 0.4030631102903043, ""Ni"": 0.5969368897096956}",-0.27281597270663877,0.02508074032664299,20260106_141644
gen4_cand5,"{""Ni"": 0.504934506402862, ""Fe"": 0.4950654935971381}",-0.36828172143356225,0.02462985428571701,20260106_141644
gen5_cand4,"{""Fe"": 0.47161591421193017, ""Ni"": 0.5283840857880697}",-0.35588944126627275,0.023814923936128614,20260106_141644
gen1_cand10,"{""Ni"": 0.6267125247419724, ""Fe"": 0.37328747525802763}",-0.19590932648865025,0.024055263274908065,20260106_142705
gen2_cand4,"{""Fe"": 0.43454505185067954, ""Ni"": 0.5654549481493205}",-0.3408627107661406,0.023825779059529303,20260106_142705
gen3_cand17,"{""Ni"": 0.9354214712573504, ""Fe"": 0.06457852874264952}",-0.22184930431835687,0.020081960637494924,20260106_142705
gen4_cand5,"{""Ni"": 0.9722632984018358, ""Fe"": 0.027736701598164173}",-0.2135059189053201,0.02043804013580084,20260106_142705
gen5_cand8,"{""Fe"": 0.1188896893118988, ""Ni"": 0.8811103106881012}",-0.2018447888777113,0.021342315798997882,20260106_142705
gen1_cand5,"{""Fe"": 0.06722795197021528, ""Ni"": 0.9327720480297846}",-0.2187829250512796,0.02467748177647591,20260106_143051
gen2_cand3,"{""Fe"": 0.11850772146210858, ""Ni"": 0.8814922785378916}",-0.23124955199970282,0.02498878193497658,20260106_143051
gen3_cand4,"{""Fe"": 0.05730586368008043, ""Ni"": 0.9426941363199197}",-0.1970785673021993,0.029278096830844882,20260106_143051
gen4_cand12,"{""Fe"": 0.051726247416143546, ""Ni"": 0.9482737525838564}",-0.23246045470000992,0.029391925311088564,20260106_143051
gen5_cand12,"{""Fe"": 0.014225438914424411, ""Ni"": 0.9857745610855756}",-0.24926336674145144,0.03296354142427445,20260106_143051
